{
    "training_and_val": [
        [
            {
                "epoch": 1,
                "Training Loss": 0.40413787160501924,
                "Training Accur.": 0.8020117858014241,
                "Training Precision (macro)": 0.6115538547016092,
                "Training Precision (micro)": 0.8020117858014241,
                "Training Recall (macro)": 0.5799477409627779,
                "Training Recall (micro)": 0.8020117858014241,
                "Training F1 (macro)": 0.5752901841752317,
                "Training F1 (micro)": 0.8020117858014241,
                "Valid. Loss": 0.23282639509825795,
                "Valid. Accur.": 0.9047260802469135,
                "Valid. Precision (macro)": 0.7777660938799302,
                "Valid. Precision (micro)": 0.9045181987036843,
                "Valid. Recall (macro)": 0.8496206870176768,
                "Valid. Recall (micro)": 0.9045181987036843,
                "Valid. F1 (macro)": 0.8062516376439353,
                "Valid. F1 (micro)": 0.9045181987036843,
                "Training Time": "0:05:15",
                "Validation Time": "0:00:24"
            },
            {
                "epoch": 2,
                "Training Loss": 0.30615979838509894,
                "Training Accur.": 0.9311690153367982,
                "Training Precision (macro)": 0.8536925186697026,
                "Training Precision (micro)": 0.9311690153367982,
                "Training Recall (macro)": 0.8478097287359114,
                "Training Recall (micro)": 0.9311690153367982,
                "Training F1 (macro)": 0.8504776949032115,
                "Training F1 (micro)": 0.9311690153367982,
                "Valid. Loss": 0.20558869831815915,
                "Valid. Accur.": 0.9212962962962963,
                "Valid. Precision (macro)": 0.832130134051536,
                "Valid. Precision (micro)": 0.9250634273370665,
                "Valid. Recall (macro)": 0.8469235146605647,
                "Valid. Recall (micro)": 0.9250634273370665,
                "Valid. F1 (macro)": 0.8388345718821343,
                "Valid. F1 (micro)": 0.9250634273370665,
                "Training Time": "0:05:13",
                "Validation Time": "0:00:24"
            },
            {
                "epoch": 3,
                "Training Loss": 0.26851190740979,
                "Training Accur.": 0.9585353637250573,
                "Training Precision (macro)": 0.9097723322333793,
                "Training Precision (micro)": 0.9585353637250573,
                "Training Recall (macro)": 0.9098707577873123,
                "Training Recall (micro)": 0.9585353637250573,
                "Training F1 (macro)": 0.9097338585765459,
                "Training F1 (micro)": 0.9585353637250573,
                "Valid. Loss": 0.2105715593185138,
                "Valid. Accur.": 0.9229552469135802,
                "Valid. Precision (macro)": 0.8160191461609977,
                "Valid. Precision (micro)": 0.922793581441691,
                "Valid. Recall (macro)": 0.8644677839926111,
                "Valid. Recall (micro)": 0.922793581441691,
                "Valid. F1 (macro)": 0.8371791848578096,
                "Valid. F1 (micro)": 0.922793581441691,
                "Training Time": "0:05:13",
                "Validation Time": "0:00:24"
            }
        ],
        [
            {
                "epoch": 1,
                "Training Loss": 0.27676289317219754,
                "Training Accur.": 0.9585013698869409,
                "Training Precision (macro)": 0.9110208592002861,
                "Training Precision (micro)": 0.9585013698869409,
                "Training Recall (macro)": 0.9021003670681674,
                "Training Recall (micro)": 0.9585013698869409,
                "Training F1 (macro)": 0.9063615577443868,
                "Training F1 (micro)": 0.9585013698869409,
                "Valid. Loss": 0.13311542960366718,
                "Valid. Accur.": 0.963792438271605,
                "Valid. Precision (macro)": 0.9559968752726269,
                "Valid. Precision (micro)": 0.9612926592036686,
                "Valid. Recall (macro)": 0.8804191500878032,
                "Valid. Recall (micro)": 0.9612926592036686,
                "Valid. F1 (macro)": 0.9131824556441549,
                "Valid. F1 (micro)": 0.9612926592036686,
                "Training Time": "0:05:13",
                "Validation Time": "0:00:24"
            },
            {
                "epoch": 2,
                "Training Loss": 0.2636772994731748,
                "Training Accur.": 0.9628082673362117,
                "Training Precision (macro)": 0.9249650368788941,
                "Training Precision (micro)": 0.9628082673362117,
                "Training Recall (macro)": 0.9106890506827799,
                "Training Recall (micro)": 0.9628082673362117,
                "Training F1 (macro)": 0.9174407955997294,
                "Training F1 (micro)": 0.9628082673362117,
                "Valid. Loss": 0.11758371049331294,
                "Valid. Accur.": 0.9719328703703703,
                "Valid. Precision (macro)": 0.9451653789675215,
                "Valid. Precision (micro)": 0.9724255937117815,
                "Valid. Recall (macro)": 0.9337722443098054,
                "Valid. Recall (micro)": 0.9724255937117815,
                "Valid. F1 (macro)": 0.9393259494787565,
                "Valid. F1 (micro)": 0.9724255937117815,
                "Training Time": "0:05:13",
                "Validation Time": "0:00:24"
            },
            {
                "epoch": 3,
                "Training Loss": 0.2355583069975986,
                "Training Accur.": 0.9788736555757217,
                "Training Precision (macro)": 0.9535680219978084,
                "Training Precision (micro)": 0.9788736555757217,
                "Training Recall (macro)": 0.9547135683978696,
                "Training Recall (micro)": 0.9788736555757217,
                "Training F1 (macro)": 0.9541059061182697,
                "Training F1 (micro)": 0.9788736555757217,
                "Valid. Loss": 0.11139039536593137,
                "Valid. Accur.": 0.9725115740740741,
                "Valid. Precision (macro)": 0.9361717079312661,
                "Valid. Precision (micro)": 0.9701869744741638,
                "Valid. Recall (macro)": 0.9450670543231068,
                "Valid. Recall (micro)": 0.9701869744741638,
                "Valid. F1 (macro)": 0.9404859271821887,
                "Valid. F1 (micro)": 0.9701869744741638,
                "Training Time": "0:05:13",
                "Validation Time": "0:00:24"
            }
        ],
        [
            {
                "epoch": 1,
                "Training Loss": 0.24704682390357172,
                "Training Accur.": 0.9765058277182656,
                "Training Precision (macro)": 0.9450515404944771,
                "Training Precision (micro)": 0.9765058277182656,
                "Training Recall (macro)": 0.9514903757521798,
                "Training Recall (micro)": 0.9765058277182656,
                "Training F1 (macro)": 0.9481263686097592,
                "Training F1 (micro)": 0.9765058277182656,
                "Valid. Loss": 0.09421413150374536,
                "Valid. Accur.": 0.9895833333333334,
                "Valid. Precision (macro)": 0.9740730534111363,
                "Valid. Precision (micro)": 0.9904656663613509,
                "Valid. Recall (macro)": 0.9873678599854557,
                "Valid. Recall (micro)": 0.9904656663613509,
                "Valid. F1 (macro)": 0.9805220002750242,
                "Valid. F1 (micro)": 0.9904656663613509,
                "Training Time": "0:05:13",
                "Validation Time": "0:00:24"
            },
            {
                "epoch": 2,
                "Training Loss": 0.2329649808794953,
                "Training Accur.": 0.9847678904847819,
                "Training Precision (macro)": 0.967131602402556,