{
    "training_and_val": [
        {
            "epoch": 1,
            "Training Loss": 0.45135234342888,
            "Training Accur.": 0.8648777035313523,
            "Training Precision (macro)": 0.541940028626424,
            "Training Precision (micro)": 0.8648777035313523,
            "Training Recall (macro)": 0.5025631035138853,
            "Training Recall (micro)": 0.8648777035313523,
            "Training F1 (macro)": 0.47661708474815284,
            "Training F1 (micro)": 0.8648777035313523,
            "Valid. Loss": 0.2677013858638961,
            "Valid. Accur.": 0.8861350574712644,
            "Valid. Precision (macro)": 0.8255416655520305,
            "Valid. Precision (micro)": 0.8896734443412743,
            "Valid. Recall (macro)": 0.6056022522818851,
            "Valid. Recall (micro)": 0.8896734443412743,
            "Valid. F1 (macro)": 0.640953958026057,
            "Valid. F1 (micro)": 0.8896734443412743,
            "Training Time": "0:03:03",
            "Validation Time": "0:00:06"
        },
        {
            "epoch": 2,
            "Training Loss": 0.32919543189927936,
            "Training Accur.": 0.9145116939983567,
            "Training Precision (macro)": 0.839598288886806,
            "Training Precision (micro)": 0.9145116939983567,
            "Training Recall (macro)": 0.6964786559930505,
            "Training Recall (micro)": 0.9145116939983567,
            "Training F1 (macro)": 0.7384148326347589,
            "Training F1 (micro)": 0.9145116939983567,
            "Valid. Loss": 0.197971956483249,
            "Valid. Accur.": 0.9288793103448276,
            "Valid. Precision (macro)": 0.8444147176218711,
            "Valid. Precision (micro)": 0.9250911566080454,
            "Valid. Recall (macro)": 0.834661091223869,
            "Valid. Recall (micro)": 0.9250911566080454,
            "Valid. F1 (macro)": 0.8379944640753464,
            "Valid. F1 (micro)": 0.9250911566080454,
            "Training Time": "0:03:02",
            "Validation Time": "0:00:06"
        },
        {
            "epoch": 3,
            "Training Loss": 0.2924693590612151,
            "Training Accur.": 0.9383808453614438,
            "Training Precision (macro)": 0.8857617146464614,
            "Training Precision (micro)": 0.9383808453614438,
            "Training Recall (macro)": 0.8377686408888055,
            "Training Recall (micro)": 0.9383808453614438,
            "Training F1 (macro)": 0.8587442731520663,
            "Training F1 (micro)": 0.9383808453614438,
            "Valid. Loss": 0.1934182967605262,
            "Valid. Accur.": 0.9238505747126438,
            "Valid. Precision (macro)": 0.8332954587274792,
            "Valid. Precision (micro)": 0.9285362228598225,
            "Valid. Recall (macro)": 0.8450015008708841,
            "Valid. Recall (micro)": 0.9285362228598225,
            "Valid. F1 (macro)": 0.8388644097987332,
            "Valid. F1 (micro)": 0.9285362228598225,
            "Training Time": "0:03:02",
            "Validation Time": "0:00:06"
        }
    ],
    "test": {
        "Test Accur.": 0.9455469412183586,
        "Test Precision (macro)": 0.9052585779797749,
        "Test Precision (micro)": 0.9455469412183586,
        "Test Recall (macro)": 0.8585895964215674,
        "Test Recall (micro)": 0.9455469412183586,
        "Test F1 (macro)": 0.8782635721858294,
        "Test F1 (micro)": 0.9455469412183586
    }
}