{
    "training_and_val": [
        {
            "epoch": 1,
            "Training Loss": 0.43530570494476706,
            "Training Accur.": 0.8592931667371786,
            "Training Precision (macro)": 0.5923028533742997,
            "Training Precision (micro)": 0.8592931667371786,
            "Training Recall (macro)": 0.5148943157048894,
            "Training Recall (micro)": 0.8592931667371786,
            "Training F1 (macro)": 0.5014476721308547,
            "Training F1 (micro)": 0.8592931667371786,
            "Valid. Loss": 0.24704721929698154,
            "Valid. Accur.": 0.9026580459770115,
            "Valid. Precision (macro)": 0.7971242642122615,
            "Valid. Precision (micro)": 0.9012586140793085,
            "Valid. Recall (macro)": 0.7423848450699605,
            "Valid. Recall (micro)": 0.9012586140793085,
            "Valid. F1 (macro)": 0.7640391758163928,
            "Valid. F1 (micro)": 0.9012586140793085,
            "Training Time": "0:03:05",
            "Validation Time": "0:00:06"
        },
        {
            "epoch": 2,
            "Training Loss": 0.3229580185143277,
            "Training Accur.": 0.9152950320402394,
            "Training Precision (macro)": 0.8386396131175647,
            "Training Precision (micro)": 0.9152950320402394,
            "Training Recall (macro)": 0.7625684944012663,
            "Training Recall (micro)": 0.9152950320402394,
            "Training F1 (macro)": 0.7925759840281433,
            "Training F1 (micro)": 0.9152950320402394,
            "Valid. Loss": 0.21271320047049685,
            "Valid. Accur.": 0.9209770114942528,
            "Valid. Precision (macro)": 0.8791358910794034,
            "Valid. Precision (micro)": 0.9311092876360377,
            "Valid. Recall (macro)": 0.7781800161150483,
            "Valid. Recall (micro)": 0.9311092876360377,
            "Valid. F1 (macro)": 0.8169825229747628,
            "Valid. F1 (micro)": 0.9311092876360377,
            "Training Time": "0:03:02",
            "Validation Time": "0:00:06"
        },
        {
            "epoch": 3,
            "Training Loss": 0.2893875247100368,
            "Training Accur.": 0.9448098357217539,
            "Training Precision (macro)": 0.8955633761896029,
            "Training Precision (micro)": 0.9448098357217539,
            "Training Recall (macro)": 0.858990131304216,
            "Training Recall (micro)": 0.9448098357217539,
            "Training F1 (macro)": 0.8756044251529692,
            "Training F1 (micro)": 0.9448098357217539,
            "Valid. Loss": 0.21081769646241746,
            "Valid. Accur.": 0.918462643678161,
            "Valid. Precision (macro)": 0.8191080691585395,
            "Valid. Precision (micro)": 0.9171833861341578,
            "Valid. Recall (macro)": 0.7423425820877015,
            "Valid. Recall (micro)": 0.9171833861341578,
            "Valid. F1 (macro)": 0.7727134652753793,
            "Valid. F1 (micro)": 0.9171833861341578,
            "Training Time": "0:03:02",
            "Validation Time": "0:00:06"
        }
    ],
    "test": {
        "Test Accur.": 0.9420689608653782,
        "Test Precision (macro)": 0.8487215572905644,
        "Test Precision (micro)": 0.9420689608653782,
        "Test Recall (macro)": 0.834543925233477,
        "Test Recall (micro)": 0.9420689608653782,
        "Test F1 (macro)": 0.8335294093971962,
        "Test F1 (micro)": 0.9420689608653782
    }
}