{
    "training_and_val": [
        [
            {
                "epoch": 1,
                "Training Loss": 0.41788234877031905,
                "Training Accur.": 0.8355309652475775,
                "Training Precision (macro)": 0.5531633629872056,
                "Training Precision (micro)": 0.8355309652475775,
                "Training Recall (macro)": 0.5136892967073171,
                "Training Recall (micro)": 0.8355309652475775,
                "Training F1 (macro)": 0.5063408829671354,
                "Training F1 (micro)": 0.8355309652475775,
                "Valid. Loss": 0.19105127019186816,
                "Valid. Accur.": 0.9299768518518519,
                "Valid. Precision (macro)": 0.8517747919270268,
                "Valid. Precision (micro)": 0.9220984179835895,
                "Valid. Recall (macro)": 0.8305157630023485,
                "Valid. Recall (micro)": 0.9220984179835895,
                "Valid. F1 (macro)": 0.8401916697884412,
                "Valid. F1 (micro)": 0.9220984179835895,
                "Training Time": "0:05:13",
                "Validation Time": "0:00:24"
            },
            {
                "epoch": 2,
                "Training Loss": 0.3136589441188546,
                "Training Accur.": 0.9236520390271934,
                "Training Precision (macro)": 0.850066254241595,
                "Training Precision (micro)": 0.9236520390271934,
                "Training Recall (macro)": 0.8064854612135333,
                "Training Recall (micro)": 0.9236520390271934,
                "Training F1 (macro)": 0.8259027530260418,
                "Training F1 (micro)": 0.9236520390271934,
                "Valid. Loss": 0.1795446584691052,
                "Valid. Accur.": 0.9371720679012346,
                "Valid. Precision (macro)": 0.867075289835641,
                "Valid. Precision (micro)": 0.9314062862653558,
                "Valid. Recall (macro)": 0.8262097155366818,
                "Valid. Recall (micro)": 0.9314062862653558,
                "Valid. F1 (macro)": 0.8447802260141564,
                "Valid. F1 (micro)": 0.9314062862653558,
                "Training Time": "0:05:13",
                "Validation Time": "0:00:24"
            },
            {
                "epoch": 3,
                "Training Loss": 0.27605989814497706,
                "Training Accur.": 0.952085489908787,
                "Training Precision (macro)": 0.9063807496613318,
                "Training Precision (micro)": 0.952085489908787,
                "Training Recall (macro)": 0.88391719441401,
                "Training Recall (micro)": 0.952085489908787,
                "Training F1 (macro)": 0.8946201099369873,
                "Training F1 (micro)": 0.952085489908787,
                "Valid. Loss": 0.17942625546345004,
                "Valid. Accur.": 0.9331597222222222,
                "Valid. Precision (macro)": 0.8463892874693552,
                "Valid. Precision (micro)": 0.922639384776298,
                "Valid. Recall (macro)": 0.8351433163653328,
                "Valid. Recall (micro)": 0.922639384776298,
                "Valid. F1 (macro)": 0.8397322439474584,
                "Valid. F1 (micro)": 0.922639384776298,
                "Training Time": "0:05:12",
                "Validation Time": "0:00:24"
            }
        ],
        [
            {
                "epoch": 1,
                "Training Loss": 0.2769553460354029,
                "Training Accur.": 0.9535820968893679,
                "Training Precision (macro)": 0.9050071559760323,
                "Training Precision (micro)": 0.9535820968893679,
                "Training Recall (macro)": 0.8968124376610144,
                "Training Recall (micro)": 0.9535820968893679,
                "Training F1 (macro)": 0.9004248119679432,
                "Training F1 (micro)": 0.9535820968893679,
                "Valid. Loss": 0.13639691096075154,
                "Valid. Accur.": 0.9640817901234568,
                "Valid. Precision (macro)": 0.9164889319961114,
                "Valid. Precision (micro)": 0.9622260850508885,
                "Valid. Recall (macro)": 0.9248557892579233,
                "Valid. Recall (micro)": 0.9622260850508885,
                "Valid. F1 (macro)": 0.9203543300009808,
                "Valid. F1 (micro)": 0.9622260850508885,
                "Training Time": "0:05:12",
                "Validation Time": "0:00:24"
            },
            {
                "epoch": 2,
                "Training Loss": 0.26088675918967225,
                "Training Accur.": 0.9636449552806584,
                "Training Precision (macro)": 0.9284051478430158,
                "Training Precision (micro)": 0.9636449552806584,
                "Training Recall (macro)": 0.9149081919416076,
                "Training Recall (micro)": 0.9636449552806584,
                "Training F1 (macro)": 0.9214636624304762,
                "Training F1 (micro)": 0.9636449552806584,
                "Valid. Loss": 0.13176543886462846,
                "Valid. Accur.": 0.9626350308641975,
                "Valid. Precision (macro)": 0.9109505532384722,
                "Valid. Precision (micro)": 0.9573719298964066,
                "Valid. Recall (macro)": 0.9097585824583151,
                "Valid. Recall (micro)": 0.9573719298964066,
                "Valid. F1 (macro)": 0.9102662720339133,
                "Valid. F1 (micro)": 0.9573719298964066,
                "Training Time": "0:05:12",
                "Validation Time": "0:00:24"
            },
            {
                "epoch": 3,
                "Training Loss": 0.23756956846215005,
                "Training Accur.": 0.9783354390601711,
                "Training Precision (macro)": 0.9610745330147367,
                "Training Precision (micro)": 0.9783354390601711,
                "Training Recall (macro)": 0.946413011270549,
                "Training Recall (micro)": 0.9783354390601711,
                "Training F1 (macro)": 0.953525960882591,
                "Training F1 (micro)": 0.978335439060171,
                "Valid. Loss": 0.13067371077421638,
                "Valid. Accur.": 0.9602816358024691,
                "Valid. Precision (macro)": 0.9264184242000986,
                "Valid. Precision (micro)": 0.9633666549222986,
                "Valid. Recall (macro)": 0.9092629976823858,
                "Valid. Recall (micro)": 0.9633666549222986,
                "Valid. F1 (macro)": 0.9170846019189332,
                "Valid. F1 (micro)": 0.9633666549222986,
                "Training Time": "0:05:12",
                "Validation Time": "0:00:24"
            }
        ],
        [
            {
                "epoch": 1,
                "Training Loss": 0.24611210421074267,
                "Training Accur.": 0.9750630048681258,
                "Training Precision (macro)": 0.9541967910911416,
                "Training Precision (micro)": 0.9750630048681258,
                "Training Recall (macro)": 0.9404758749457071,
                "Training Recall (micro)": 0.9750630048681258,
                "Training F1 (macro)": 0.9471367269846045,
                "Training F1 (micro)": 0.9750630048681258,
                "Valid. Loss": 0.09390891660694722,
                "Valid. Accur.": 0.9857831790123457,
                "Valid. Precision (macro)": 0.9757807711606367,
                "Valid. Precision (micro)": 0.9873657055663059,
                "Valid. Recall (macro)": 0.9715478266454364,
                "Valid. Recall (micro)": 0.9873657055663059,
                "Valid. F1 (macro)": 0.9735981102305596,
                "Valid. F1 (micro)": 0.9873657055663059,
                "Training Time": "0:05:12",
                "Validation Time": "0:00:24"
            },
            {
                "epoch": 2,
                "Training Loss": 0.2292060608087584,
                "Training Accur.": 0.9855090339049731,
                "Training Precision (macro)": 0.9693387991229232,