{
    "training_and_val": [
        [
            {
                "epoch": 1,
                "Training Loss": 0.5124921755735264,
                "Training Accur.": 0.6566962370159847,
                "Training Precision (macro)": 0.5365912598687353,
                "Training Precision (micro)": 0.6566962370159847,
                "Training Recall (macro)": 0.5618622598289159,
                "Training Recall (micro)": 0.6566962370159847,
                "Training F1 (macro)": 0.49522372716087115,
                "Training F1 (micro)": 0.6566962370159847,
                "Valid. Loss": 0.28511759362838884,
                "Valid. Accur.": 0.8847373188405797,
                "Valid. Precision (macro)": 0.8795379032277411,
                "Valid. Precision (micro)": 0.8940896696563615,
                "Valid. Recall (macro)": 0.5644133356137553,
                "Valid. Recall (micro)": 0.8940896696563615,
                "Valid. F1 (macro)": 0.5849960777128902,
                "Valid. F1 (micro)": 0.8940896696563615,
                "Training Time": "0:02:34",
                "Validation Time": "0:00:12"
            },
            {
                "epoch": 2,
                "Training Loss": 0.33770512938499453,
                "Training Accur.": 0.8989676120689742,
                "Training Precision (macro)": 0.8181692593294577,
                "Training Precision (micro)": 0.8989676120689742,
                "Training Recall (macro)": 0.6840493445511956,
                "Training Recall (micro)": 0.8989676120689742,
                "Training F1 (macro)": 0.7223406749080213,
                "Training F1 (micro)": 0.8989676120689742,
                "Valid. Loss": 0.19478358314545066,
                "Valid. Accur.": 0.9316123188405797,
                "Valid. Precision (macro)": 0.8553721759319528,
                "Valid. Precision (micro)": 0.9272424208274423,
                "Valid. Recall (macro)": 0.8207177462068891,
                "Valid. Recall (micro)": 0.9272424208274423,
                "Valid. F1 (macro)": 0.8358987308677319,
                "Valid. F1 (micro)": 0.9272424208274423,
                "Training Time": "0:02:33",
                "Validation Time": "0:00:12"
            },
            {
                "epoch": 3,
                "Training Loss": 0.298180834845055,
                "Training Accur.": 0.939118138043992,
                "Training Precision (macro)": 0.8822307622786489,
                "Training Precision (micro)": 0.939118138043992,
                "Training Recall (macro)": 0.8527265988865904,
                "Training Recall (micro)": 0.939118138043992,
                "Training F1 (macro)": 0.8664412280304329,
                "Training F1 (micro)": 0.939118138043992,
                "Valid. Loss": 0.19219614910306754,
                "Valid. Accur.": 0.9289452495974234,
                "Valid. Precision (macro)": 0.8670777318983615,
                "Valid. Precision (micro)": 0.9400809469256224,
                "Valid. Recall (macro)": 0.8799147798830973,
                "Valid. Recall (micro)": 0.9400809469256224,
                "Valid. F1 (macro)": 0.8729706517980483,
                "Valid. F1 (micro)": 0.9400809469256224,
                "Training Time": "0:02:33",
                "Validation Time": "0:00:12"
            }
        ],
        [
            {
                "epoch": 1,
                "Training Loss": 0.27418562173843386,
                "Training Accur.": 0.9558445749632049,
                "Training Precision (macro)": 0.9164890657089135,
                "Training Precision (micro)": 0.9558445749632049,
                "Training Recall (macro)": 0.8780550153169053,
                "Training Recall (micro)": 0.9558445749632049,
                "Training F1 (macro)": 0.8957350557550084,
                "Training F1 (micro)": 0.9558445749632049,
                "Valid. Loss": 0.12221694047804232,
                "Valid. Accur.": 0.9658564814814815,
                "Valid. Precision (macro)": 0.9440025807270729,
                "Valid. Precision (micro)": 0.968464626090505,
                "Valid. Recall (macro)": 0.9231055494463648,
                "Valid. Recall (micro)": 0.968464626090505,
                "Valid. F1 (macro)": 0.9330860912315099,
                "Valid. F1 (micro)": 0.968464626090505,
                "Training Time": "0:02:33",
                "Validation Time": "0:00:12"
            },
            {
                "epoch": 2,
                "Training Loss": 0.2439837330995604,
                "Training Accur.": 0.9737359221164468,
                "Training Precision (macro)": 0.9503019873742697,
                "Training Precision (micro)": 0.9737359221164468,
                "Training Recall (macro)": 0.9329719468460154,
                "Training Recall (micro)": 0.9737359221164468,
                "Training F1 (macro)": 0.941303703507566,
                "Training F1 (micro)": 0.9737359221164468,
                "Valid. Loss": 0.12487192783090803,
                "Valid. Accur.": 0.9625100644122383,
                "Valid. Precision (macro)": 0.9260679876239869,
                "Valid. Precision (micro)": 0.9682094598702846,
                "Valid. Recall (macro)": 0.9356183293116843,
                "Valid. Recall (micro)": 0.9682094598702846,
                "Valid. F1 (macro)": 0.9305707065351542,
                "Valid. F1 (micro)": 0.9682094598702846,
                "Training Time": "0:02:33",
                "Validation Time": "0:00:12"
            },
            {
                "epoch": 3,
                "Training Loss": 0.2299977512553681,
                "Training Accur.": 0.9839697437415306,
                "Training Precision (macro)": 0.968704534673821,
                "Training Precision (micro)": 0.9839697437415306,
                "Training Recall (macro)": 0.9604305739261558,
                "Training Recall (micro)": 0.9839697437415306,
                "Training F1 (macro)": 0.964488216935853,
                "Training F1 (micro)": 0.9839697437415306,
                "Valid. Loss": 0.11979908813480977,
                "Valid. Accur.": 0.9636674718196457,
                "Valid. Precision (macro)": 0.9365340243223743,
                "Valid. Precision (micro)": 0.9628700658176018,
                "Valid. Recall (macro)": 0.9008826958086024,
                "Valid. Recall (micro)": 0.9628700658176018,
                "Valid. F1 (macro)": 0.9167368679123266,
                "Valid. F1 (micro)": 0.9628700658176018,
                "Training Time": "0:02:33",
                "Validation Time": "0:00:12"
            }
        ],
        [
            {
                "epoch": 1,
                "Training Loss": 0.24063069099603698,
                "Training Accur.": 0.9808811165091704,
                "Training Precision (macro)": 0.9643092855397807,
                "Training Precision (micro)": 0.9808811165091704,
                "Training Recall (macro)": 0.9489636395336443,
                "Training Recall (micro)": 0.9808811165091704,
                "Training F1 (macro)": 0.9564022939950447,
                "Training F1 (micro)": 0.9808811165091704,
                "Valid. Loss": 0.06725764019345795,
                "Valid. Accur.": 0.9907407407407407,
                "Valid. Precision (macro)": 0.9904287556525816,
                "Valid. Precision (micro)": 0.9927082147362717,
                "Valid. Recall (macro)": 0.9794865462016409,
                "Valid. Recall (micro)": 0.9927082147362717,
                "Valid. F1 (macro)": 0.9848459031859684,
                "Valid. F1 (micro)": 0.9927082147362717,
                "Training Time": "0:02:33",
                "Validation Time": "0:00:12"
            },
            {
                "epoch": 2,
                "Training Loss": 0.23496512181537096,
                "Training Accur.": 0.9833472066309049,
                "Training Precision (macro)": 0.9694607279768162,