{
    "training_and_val": [
        [
            {
                "epoch": 1,
                "Training Loss": 0.4242704071277796,
                "Training Accur.": 0.8662324139161665,
                "Training Precision (macro)": 0.6351313023797206,
                "Training Precision (micro)": 0.8662324139161665,
                "Training Recall (macro)": 0.5081046354752033,
                "Training Recall (micro)": 0.8662324139161665,
                "Training F1 (macro)": 0.48549696881340076,
                "Training F1 (micro)": 0.8662324139161665,
                "Valid. Loss": 0.28593811723921037,
                "Valid. Accur.": 0.8872785829307568,
                "Valid. Precision (macro)": 0.7970783198925562,
                "Valid. Precision (micro)": 0.8910558298827242,
                "Valid. Recall (macro)": 0.6584439523486297,
                "Valid. Recall (micro)": 0.8910558298827242,
                "Valid. F1 (macro)": 0.696467686826296,
                "Valid. F1 (micro)": 0.8910558298827242,
                "Training Time": "0:02:34",
                "Validation Time": "0:00:12"
            },
            {
                "epoch": 2,
                "Training Loss": 0.3365738725939462,
                "Training Accur.": 0.900217158995781,
                "Training Precision (macro)": 0.8087784599876325,
                "Training Precision (micro)": 0.900217158995781,
                "Training Recall (macro)": 0.6988279936391093,
                "Training Recall (micro)": 0.900217158995781,
                "Training F1 (macro)": 0.734713073710855,
                "Training F1 (micro)": 0.900217158995781,
                "Valid. Loss": 0.21339445326615264,
                "Valid. Accur.": 0.9105525362318841,
                "Valid. Precision (macro)": 0.8204706916512932,
                "Valid. Precision (micro)": 0.9135371520552802,
                "Valid. Recall (macro)": 0.8359122325069889,
                "Valid. Recall (micro)": 0.9135371520552802,
                "Valid. F1 (macro)": 0.8267787909484864,
                "Valid. F1 (micro)": 0.9135371520552802,
                "Training Time": "0:02:33",
                "Validation Time": "0:00:12"
            },
            {
                "epoch": 3,
                "Training Loss": 0.30872552166151446,
                "Training Accur.": 0.9262439838365859,
                "Training Precision (macro)": 0.8462445434771901,
                "Training Precision (micro)": 0.9262439838365859,
                "Training Recall (macro)": 0.8155148960703866,
                "Training Recall (micro)": 0.9262439838365859,
                "Training F1 (macro)": 0.8297498387621559,
                "Training F1 (micro)": 0.9262439838365859,
                "Valid. Loss": 0.2025625834034549,
                "Valid. Accur.": 0.9187550322061192,
                "Valid. Precision (macro)": 0.8383059452692706,
                "Valid. Precision (micro)": 0.920343147816372,
                "Valid. Recall (macro)": 0.8407062586996733,
                "Valid. Recall (micro)": 0.920343147816372,
                "Valid. F1 (macro)": 0.8394444546763097,
                "Valid. F1 (micro)": 0.920343147816372,
                "Training Time": "0:02:33",
                "Validation Time": "0:00:12"
            }
        ],
        [
            {
                "epoch": 1,
                "Training Loss": 0.28361663873805554,
                "Training Accur.": 0.9480765867961664,
                "Training Precision (macro)": 0.8940786891309823,
                "Training Precision (micro)": 0.9480765867961664,
                "Training Recall (macro)": 0.8666231793538723,
                "Training Recall (micro)": 0.9480765867961664,
                "Training F1 (macro)": 0.8785839248982691,
                "Training F1 (micro)": 0.9480765867961664,
                "Valid. Loss": 0.1395007774785713,
                "Valid. Accur.": 0.9551127214170693,
                "Valid. Precision (macro)": 0.9056318716202253,
                "Valid. Precision (micro)": 0.9572041521381437,
                "Valid. Recall (macro)": 0.9215731310690303,
                "Valid. Recall (micro)": 0.9572041521381437,
                "Valid. F1 (macro)": 0.9128654366791172,
                "Valid. F1 (micro)": 0.9572041521381437,
                "Training Time": "0:02:33",
                "Validation Time": "0:00:12"
            },
            {
                "epoch": 2,
                "Training Loss": 0.24690311481786328,
                "Training Accur.": 0.9743884857475521,
                "Training Precision (macro)": 0.9476272281071549,
                "Training Precision (micro)": 0.9743884857475521,
                "Training Recall (macro)": 0.9379057743597411,
                "Training Recall (micro)": 0.9743884857475521,
                "Training F1 (macro)": 0.942619026297113,
                "Training F1 (micro)": 0.9743884857475521,
                "Valid. Loss": 0.13426542095839977,
                "Valid. Accur.": 0.9592642914653785,
                "Valid. Precision (macro)": 0.9371550874689151,
                "Valid. Precision (micro)": 0.9588772300250797,
                "Valid. Recall (macro)": 0.8805364641486689,
                "Valid. Recall (micro)": 0.9588772300250797,
                "Valid. F1 (macro)": 0.904943915441947,
                "Valid. F1 (micro)": 0.9588772300250797,
                "Training Time": "0:02:33",
                "Validation Time": "0:00:12"
            },
            {
                "epoch": 3,
                "Training Loss": 0.2332263543162235,
                "Training Accur.": 0.9832975347350945,
                "Training Precision (macro)": 0.9614376471851918,
                "Training Precision (micro)": 0.9832975347350945,
                "Training Recall (macro)": 0.9619239230230648,
                "Training Recall (micro)": 0.9832975347350945,
                "Training F1 (macro)": 0.9613145249376976,
                "Training F1 (micro)": 0.9832975347350945,
                "Valid. Loss": 0.13502800450832755,
                "Valid. Accur.": 0.9600694444444444,
                "Valid. Precision (macro)": 0.9296622693962368,
                "Valid. Precision (micro)": 0.9558678724872475,
                "Valid. Recall (macro)": 0.8863720404090448,
                "Valid. Recall (micro)": 0.9558678724872475,
                "Valid. F1 (macro)": 0.90594538714274,
                "Valid. F1 (micro)": 0.9558678724872475,
                "Training Time": "0:02:33",
                "Validation Time": "0:00:12"
            }
        ],
        [
            {
                "epoch": 1,
                "Training Loss": 0.2453435482673867,
                "Training Accur.": 0.9748531988827791,
                "Training Precision (macro)": 0.9502702435216175,
                "Training Precision (micro)": 0.9748531988827791,
                "Training Recall (macro)": 0.9394609704187036,
                "Training Recall (micro)": 0.9748531988827791,
                "Training F1 (macro)": 0.9447406129349992,
                "Training F1 (micro)": 0.9748531988827791,
                "Valid. Loss": 0.07653629862599903,
                "Valid. Accur.": 0.9907407407407407,
                "Valid. Precision (macro)": 0.9715134661560777,
                "Valid. Precision (micro)": 0.9884519735522757,
                "Valid. Recall (macro)": 0.97373178572685,
                "Valid. Recall (micro)": 0.9884519735522757,
                "Valid. F1 (macro)": 0.9723943564214369,
                "Valid. F1 (micro)": 0.9884519735522757,
                "Training Time": "0:02:33",
                "Validation Time": "0:00:12"
            },
            {
                "epoch": 2,
                "Training Loss": 0.23765961513962858,
                "Training Accur.": 0.9836311217631455,
                "Training Precision (macro)": 0.9681319807516795,